Company,Email
finnCap Cavendish,contact@cavendish.com
Ondra Partners,contact@ondra.com
DAI Magister,bootstrap@5.1.3
Acuity Advisors,kuehn@acuity.co.uk
Prince Capital Advisors,info@princeca.com
Strand Hanson,strand hanson enquiry
Springboard,info@springboardcf.com
Goldenhill International M&A Advisors,palbright@gtallp.com
ICON Corporate Finance,nicky@iconcorpfin.com
West Hill Capital,mbarnes@westhillcapital.co.uk
One Square,info@onesquareadvisors.com
FirstCapital,info@firstcapital.co.uk
Corbett Keeling,expertadvice@corbettkeeling.com
Pall Mall Capital,fancybox@3.5.7
Growth Capital Ventures,raisecapitalwithusimg@2x.jpg
Quayle Munro,john@sample.com
ACF Investment Bank,notifications@acfib.com
Capstan Capital Partners,info@capstan-capital.com
Winchester Capital,info@winchestercapital.com
Hines Associates Ltd.,richard@hinesassociates.com
Brookland,raster@2x.png
Quercus International,hello@quercuscf.co.uk
Assay Corporate Finance,hglanville@assaycf.com
Spencer House Partners LLP,info@mysite.com
Leonis Partners,info@leonispartners.com
Fraser Finance,hello@fraserfinance.com
The Executive Office (GBR) LLP,impallari@gmail.com
Anglo-Suisse Capital Limited,info@anglo-suisse.com
Whitman Howard,support@34sp.com
MPA Financial Services Limited,aos@2.3.1
Green Square Associates Limited,info@gsquare.co.uk
IA Global Capital,logo_color_150_67px@2x.png
Insurance Advisory Partners,iap_favicon@2x.png
Accurent,hello@accurent.org
Alcor iBank,info@alcoribank.com
CapEQ™ | B Corp,info@capeq.com
Fortitude Advisors,bootstrap@5.2.3
Spartan Advisors,info@spartanadvisorsllc.com
Financo,support@intralinks.com
Growth Capital,info@growthcapital.vc
ThinkingLinking,core-js-bundle@3.2.1
Atlantide Asset Management Limited,compliance@atlantideam.co.uk
Moorfields Corporate Finance,name@example.com
DealFlowAgent.com,test@mail.com
Fentexa,info@fentexa.com
Georgieff Capital Advisors,info.advisors@georgieffcapital.com
Bioscience Equity Partners,info@bioscienceequity.com
Amaltheia Advisors,info@amaltheiafinancial.com
WY Partners,hello@wypartners.com
KACH Capital Partners LLP,info@kachcapital.com
Aream & Co.,info@aream.co
CÌAAN,canvas@2.9.1
RWT Growth Inc.,splide@4.1.4
Verdier & Co. Corporate Advisory ¦ B Corp certified,contact@verdierandco.com
Neerav Vadera - G7FX,nv@g7fx.com
Emerging Markets Global Advisory LLP,info@emergingmarketsglobaladvisory.com
Credia Partners,info@crediapartners.com
PCB Partners,team@pcbpartners.co.uk
Alphier Capital,info@alphiercapital.com
The M&A Centre,pressinquiries@medium.com
Solano Partners,info@solanopartners.com
ARIE Capital,info@ariecapital.com
Continuum Advisory Partners,enquiries@continuum.partners
Arkstons Advisory WLL,contact@arkstons.com
NOR Capital,froulet@bryangarnier.com
Flamingo Capital Partners,partners@flamingocapitalpartners.com
Prescus Capital,contact@prescus.com
Dial Partners,info@dial-partners.com
House Mining Investment,support@house-mining.com
Collins Dale Capital Partners,info@collinsdale.com
African Capital Investments,info@aci.africa
Nucleus Finance,info@nucleusfinance.com
Natrium Capital Limited,select2@4.0.13
Redtrail Capital Partners,cheich.niang@gmail.com
VOLTAN CORPORATION,webmaster@voltancorporation.com
Magnus Partners Inc,ashley@magnus.partners
Illum Partners,micah@micahrich.com
HIGHSTEAD PARTNERS,info@highsteadpartners.co.uk
Granito Group,communication@granito.group
Desmos Capital Partners,info@desmoscp.com
Wolfline Capital,info@wolfline.capital
ALLiN Partners,4@2x.png
Akinn Group,hello@akinngroup.com
Baylor Klein,houlihan-lokey@legalmail.it
H2O Securities,investments@h2o-securities.com
CLEO CAPITAL HOLDING,contact@cleo-capital.com
Exito Partners,info@exitopartners.com
J Goodwin & Co LLP,info@jgoodwinandco.com
Load Capital,info@load-capital.com
ConAlliance,kontakt@conalliance.com
Airboat Capital,ir@airboatgroup.com
Phoenix Partners LLC,info@phoenix-partners.com
BD Globe Capital Partners,bdglobe@bdglobe.com
Banqum Group,info@banqum.net
PROSAIS,raphael@prosais.com
Staples Capital Limited,info@staplescapital.com
Oakbridge Capital Advisors Ltd,office@oakbridgecapital.com
Shanghai-London Connect,info@shanghai-london.com
Aurelia Capital Partners,info@aureliacap.com
Prime Capital Group | Turkey,istanbul@pcg.com.tr
Swordfish Investments Llp,info@aybe.com
Royal Advisory Capital Partners,service@atom.com
Company EYE Ltd,info@companyeye.co.uk
Rockfield Advisors,contact@rockfieldadvisors.com
Globalis CAPITAL,info@globalis.capital
UB Securities London LLP,xyz_abuse@gen.xyz
Panchariya Brothers Investment Holding Ltd,info@panchariyagroup.com
SOL CAPITAL MARKETS,info@solcapm.com
Cross Finanz,info@crossfinanz.com
Bernard Baxter,contact@bernardbaxter.co.uk
MOCOH BROKERS LTD,focus-visible@5.0.2
Just Learning Nursery,typed.js@2.0.11
Dry Associates Limited,info@dryassociates.com
CEA Group,info@ceaworldwide.com
Marks Baughan,nbaughan@marbau.com
Private Equity Insights,info@pe-insights.com
Factor E,gsap@3.12.5
Kinnevik,ola-nordbye_thumbnail@2x.webp
Top Tier Capital Partners,investorportal@ttcp.com
Terra Global Capital,info@terraglobalcapital.com
RAISE,gsap@3.11.3
Pharus,info@pharus.com
BREEGA,boosters-typewriter@1.0.1
SR One Capital Management,sronemedia@sambrown.com
IQ Capital,black-@4x-nanosyrinx-300x75.png
TAP Advisors,info@tapadvisors.com
MVM Partners,info@mvm.com
White Star Capital,whitestar@3x.png
Dawn Capital,hello@dawncapital.com
DN Capital,boxicons@2.0.7
Sustainable Ventures,press@sustainableventures.co.uk
Agentis Capital,info@agentis.ca
Palatine,info@palatinepe.com
ACE & Company,info@aceandcompany.com
Pi Labs,info@pilabs.vc
Alexa Capital,info@alexa-capital.com
Endless LLP,info@endlessllp.com
Rcapital,info@rcapital.co.uk
Fuse Capital,enquiries@fuse-capital.com
Hannam & Partners,info@hannam.partners
Graphite Capital,info@graphitecapital.com
Bluefield Partners LLP,info@bluefieldllp.com
Syncona Limited,contact@synconaltd.com
Active Partners,enquiries@active.partners
GHO Capital Partners LLP,enquiries@ghocapital.com
Phoenix Equity Partners,hello@phoenix-equity.com
Synova,hello@synova.pe
Ironshield Capital Management LLP,info@ironshieldcapital.com
Samena Capital,info@samenacapital.com
Abingworth,info@abingworth.com
Angels Den Funding,info@angelsden.com
Perwyn,contact@perwyn.com
Growth Capital Partners,info@growthcapital.co.uk
WestBridge,info@westbridge.co.uk
Exponent,info@exponentpe.com
Mobeus,info@mobeus.co.uk
BourkeHood,info@bourkehood.com
Connection Capital LLP,hello@connectioncapital.co.uk
Kennet Partners,info@kennet.com
Gambit Corporate Finance LLP,info@gambitcf.com
Dromeus Capital Group,enquiries@dromeuscapital.com
Bluegem Capital Partners,enquiries@bluegemcp.com
CBPE,enquiries@cbpe.com
Metric Capital Partners,info@metric-capital.com
Into City Prep,info@intocityprep.com
Duke Street,mail@dukestreet.com
Cukierman & Co. Investment House,office@cukierman.co.il
ScaleUp Capital,info@scaleupcapital.com
Headway Capital Partners,info@headwaycap.com
iAM Capital,info@iamcapital.com
G Square Healthcare Private Equity LLP,contact@gsquarecapital.com
Insurtech Insights,contact@insurtechinsights.com
Key Capital Partners LLP (Key),info@keycapitalpartners.co.uk
Palamon Capital Partners,info@palamon.com
Next Wave Partners,enquiries@nextwavepartners.co.uk
EMV Capital plc,info@emvcapital.com
Arctos,info@arctospartners.com
Hodes Weill & Associates,info@hodesweill.com
Jensen Partners,info@jensen-partners.com
Level2 (ABN AMRO + Techstars '23),contact@trylevel2.com
Novistra Capital,info@novistra.com
Global Fund Media Ltd,support@globalfundmedia.com
Optum Ventures,hello@optumventures.com
Consulting Innovators,info@co-iv.com
FinTech Global,info@fintech.global
Parsyl,info@parsyl.com
Female Invest,support@femaleinvest.com
OCI,hello@oci-group.co.uk
Fin Capital,info@fin.capital
Global Trade Review (GTR),info@gtreview.com
UK India Business Council,enquiries@ukibc.com
Motive Ventures,inquiries@motivepartners.com
miete24.com,info@miete24.com
Picus Capital,info@picuscap.com
Equilibrium Capital,info@eq-cap.com
Smead Capital Management,info@smeadcap.com
GrowthPoint Technology Partners,info@gptpartners.com
Tiger Infrastructure Partners,info@tigerinfrastructure.com
Augment Risk,info@augmentrisk.com
TABB Group,info@tabbgroup.com
TCB Pay Financial Services,support@tcbpay.com
Monument Group,info@monumentgroup.com
Reflexivity,contact@toggle.ai
eReinsure,support@ereinsure.com
ATP (Apple Tree Partners),info@appletreepartners.com
SuperReturn,info@r136.vc
Informa Connect,support@informaconnect.com
Felix Capital,info@felixcap.com
Atoa,hello@paywithatoa.co.uk
Finimize,help@finimize.com
The Payments Association,hello@thepaymentsassociation.org
OIC,info@oic.com
Bits,hello@getbits.app
Firmament,info@firmament.com
Invest Africa Ltd,info@investafrica.com
KeyFX,info@keyfx.co.uk
Park Avenue Finance,info@parkavenuefinance.com
Maslow Capital,info@maslowcapital.com
RDX Works Ltd,hello@radixdlt.com
SparkLabs Group,info@sparklabsglobal.com
SECOR Asset Management,info@secor-am.com
Mason Blake,info@masonblake.com
FinTech Connect,info@alphaevents.com
BDA International Associates,info@bdacapitalmarkets.com
Magna Financial,info@magnafinancial.com
ADN CAPITAL,hello@adncapital.co.uk
InvestorHub,contact@investorhub.com
Ampere,support@ampere.co.uk
AV8 Ventures,info@av8.vc
Covercy,support@covercy.com
Munoz Ghezlan & Co. Ltd.,office@munoz.ltd
Heritage Holdings,info@heritageholdings.co
Cardea Capital,contact@cardeacap.com
Microfon,info@microfon.co
InfraCo Africa,info@infracoafrica.com
IncubEx,info@theincubex.com
GreenPoint Partners,info@greenpointpartners.com
Development Partners International (DPI),info@dpi-llp.com
Genesis Ventures,info@genesisventures.vc
"Sustainable Development Capital, LLP (SDCL)",info@sdclgroup.com
SLM Partners,info@slmpartners.com
Markov Processes International (MPI),info@markovprocesses.com
CV5 Capital,info@cv5capital.io
Bippit®,info@bippit.com
2150,hello@2150.vc
"Altum Capital Management, LLC",info@altumcredit.com
Ananda Impact Ventures,info@ananda.vc
9Yards Capital,info@9yardscapital.com
Laka,hello@laka.co
"Bay Street Advisors, LLC",info@baystreetadvisorsllc.com
Auriemma Group,info@auriemma.group
Capital Engine®,support@capitalengine.io
Christofferson Robb & Company,info@christoffersonrobb.com
OMFIF,enquiries@omfif.org
Southeastern Asset Management,info@seasset.com
M Capital Group (MCG),info@mcapital-group.com
Portage,info@portageinvest.com
Choose Love,contact@choose.love
Ultimate Risk Solutions,info@ultirisk.com
C James - Recruitment & Search,info@c-james.com
Afterbanks Arcopay,info@arcopay.io
Winvesta,support@winvesta.in
TFY by TRANSFORMIFY,sales@transformify.org
HealthCare Royalty,info@hcrx.com
Odin,hello@joinodin.com
Globiance,contact@globiance.com
Blue Earth Capital AG,info@blueearth.capital
DES Capital,info@des-capital.com
Climate Asset Management,contact@climateassetmanagement.com
QuantumLight,info@quantumlightcapital.com
Financial Divisions,info@financialdivisions.co.uk
ICC United Kingdom,info@iccwbo.uk
Regulation Asia,support@regulationasia.com
AInsurCo,info@ainsurco.com
London Venture Capital Network,info@londonvcnetwork.com
Mortgage Solutions,info@ae3media.co.uk
Lendable,info@lendable.io
Mintago,contact@mintago.com
InsTech,hello@instech.co
Finch Capital,info@finchcapital.com
Concept Ventures,hello@conceptventures.vc
Enness Global,info@enness.co.uk
Camco,info@camco.energy
Future Planet Capital,info@futureplanetcapital.com
Arab-British Chamber of Commerce,info@abcc.org.uk
Servca,info@servca.com
Oxbow Partners,info@oxbowpartners.com
Finance & Leasing Association,info@fla.org.uk
Coolabah Capital Investments,info@coolabahcapital.com
Vujis,hello@vujis.com
Wealthyhood,hello@wealthyhood.com
Womankind Worldwide,hello@womankind.org.uk
MultiPass,info@multipass.co
Innovation Forum,info@innovation-forum.co.uk
Klink Finance,support@klinkfinance.com
FAIRR Initiative,contact@fairr.org
Absolute Strategy Research Ltd,info@absolute-strategy.com
FINTRAIL,contact@fintrail.com
London Capital Group,sales@lcg.com
Acre,sales@acresoftware.com
TalkRemit,info@talkremit.com
Pfida,info@pfida.com
The Housing Finance Corp. Ltd.,info@thfcorp.com
"Vinter, a Kaiko company",sales@vinter.co
noa,info@noa.vc
International Securities Lending Association (ISLA),support@islaemea.org
CCL Academy,info@cclacademy.co.uk
KOIS,info@koisinvest.com
Heligan Group,info@heligangroup.com
Wunder Fund,info@wunderfund.io
Mayfair Equity Partners LLP,info@mayfairequity.com
L1 Capital,support@cm.mpms.mufg.com
TRAction,info@tractionfintech.com
Glenhawk,hello@glenhawk.com
Synergy Capital,info@synergycapital.co.uk
Quant Insight,info@quant-insight.com
Venturebeam,info@venturebeam.com
Brooklands Fund Management Limited,info@brooklandsfund.com
Vindician Capital,office@vindician.com
HANetf,info@hanetf.com
Claret Capital Partners,info@claret-capital.com
Augusta & Co,info@augustaco.com
XY Capital,info@xycapitalgroup.com
SwiftXccess,info@swiftxccess.com
1707 Capital,hello@1707-capital.com
Carbon Trade eXchange (CTX),info@ctxglobal.com
Ocean 14 Capital,contact@ocean14capital.com
The Mills Fabrica,contact@themillsfabrica.com
The Power of Nutrition,info@powerofnutrition.org
fscom,info@fscom.co
Brandon Capital,info@brandoncapital.com.au
Scientific Infra & Private Assets (SIPA),support@sipametrics.com
Elevation,info@elevationadvisors.co.uk
ASK Partners,info@askpartners.co.uk
Laz Partners,info@lazpartners.com
Gore Street Capital,info@gorestreetcap.cominfo@gorestreetcap.com
Haruko,hello@haruko.io
Fundsmith LLP UK,enquiries@fundsmith.co.uk
Empire Global Finance,info@empireglobal.co.uk
Airmic (Association for Insurance & Risk),enquiries@airmic.com
Acquired.com,sales@acquired.com
IUA,info@iua.co.uk
NACFB,admin@nacfb.org.uk
Origin Markets,info@originmarkets.com
Amesto Global,info@cookieinformation.com
Fremman Capital,info@fremman.com
Itarle,sales@itarle.com
Block Dojo,hello@blockdojo.io
HQLAᵡ,info@hqla-x.com
KNG,info@kngsecurities.com
Magellan Capital,contact@magellancap.com
PLATIO,info@platio.io
Aptivaa,info@aptivaa.com
FinCrime World Forum,info@grcworldforums.com
Isomer Capital,hello@isomercapital.com
COVID-19 Actuaries Response Group,info@covidactuaries.org
Link: LGBTQ+ Insurance Network,enquiries@lgbtinsurancenetwork.co.uk
Mouro Capital,info@mourocapital.com
Pantheon Macroeconomics,info@pantheonmacro.com
TangoPay,support@tangopay.co.uk
LCM Partners,info@lcmpartners.eu
Evenco International,info@evencointernational.com
Tower Peak Partners,info@tower-peak.com
Carmoola,support@carmoola.co.uk
Pensions and Lifetime Savings Association,enquiries@plsa.co.uk
Bluewater,info@bluewaterpe.com
Centre for Disaster Protection,info@disasterprotection.org
Horizon Capital,team@horizoncapital.co.uk
Steadview Capital,inquiries@steadview.com
Global Infrastructure Investor Association (GIIA),info@giia.net
Previse,help@previ.se
RUUT,support@ruutapp.com
Seqos Capital,info@seqoscapital.de
FSB Insurance Service,enquiries@fsbis.co.uk
Integrum ESG,contact@integrumesg.com
Eleos - Embedded Life Insurance,help@eleos.co.uk
Finance Earth,hello@finance.earth
Blend Network,contact@blendnetwork.com
DFI,contact@deutsche-finance.de
The Analyst,info@theanalyst.co.uk
Yemnak,contact@yemnak.ae
Aaro Capital,info@aaro.capital
Nigel Sloam & Co,info@nigelsloam.co.uk
Hays Mews Capital,info@haysmewscapital.com
Fire,sales@fire.com
iprism Underwriting,info@iprism.co.uk
Leatherback,info@leatherback.co
Baker Ing,admin@bakering.global
Proportunity,contact@proportunity.com
Heron Financial | B Corp ™️,info@heronfinancial.co.uk
Avamore Capital,enquiries@avamorecapital.com
Quickers Venture,hello@quickers.com
Illuminate Financial,info@illuminatefinancial.com
IG4 Capital,contact@ig4capital.com
Greyhound Capital,contact@greyhoundcapital.com
shipshape.vc,info@shipshape.vc
Square 4 Partners,hello@square4.com
PeoplePay Global,info@peoplepayglobal.com
Azura Partners,contact@azura.com
Boundlesspay (Adaverse ‘23),support@boundlesspay.com
Spectrum,info@spectrumfx.co.uk
FXD Capital,enquiries@fxdcapital.com
xpate,info@xpate.com
Access Financial Services,info@accessfs.co.uk
Baron & Cabot,hello@refive.ch
Investbridge Capital,contact@ib-cap.com
Algeria British Business Council,office@abbc.org.uk
HUNDLE,hello@hundle.co
C5 Capital,enquiries@c5capital.com
London LGPS CIV Limited,info@londonciv.org.uk
Balfour Capital Group,info@emipix.dev
Red Ribbon Asset Management Plc,enquiries@redribbon.gi
Aethel Partners,info@aethelpartners.com
Club Vita,enquiries@clubvita.net
